metric_class,metric_module,metric_output,dojo_class,dojo_cell
CardTypeMaskMetric,src.data_refinement.metrics.cardvault_fabtcg.card_mask_metrics,data/metrics/cardvault_fabtcg/card_type_mask.parquet,CardTypeMaskDojo,SingleCardFixedClassificationDojo
ClassMaskMetric,src.data_refinement.metrics.cardvault_fabtcg.card_mask_metrics,data/metrics/cardvault_fabtcg/class_mask.parquet,ClassMaskDojo,SingleCardFixedClassificationDojo
CostRegressionMetric,src.data_refinement.metrics.cardvault_fabtcg.card_mask_metrics,data/metrics/cardvault_fabtcg/cost_regression.parquet,CostRegressionDojo,SingleCardRegressionDojo
DefenseRegressionMetric,src.data_refinement.metrics.cardvault_fabtcg.card_mask_metrics,data/metrics/cardvault_fabtcg/defense_regression.parquet,DefenseRegressionDojo,SingleCardRegressionDojo
PitchMaskMetric,src.data_refinement.metrics.cardvault_fabtcg.card_mask_metrics,data/metrics/cardvault_fabtcg/pitch_mask.parquet,PitchMaskDojo,SingleCardFixedClassificationDojo
PowerRegressionMetric,src.data_refinement.metrics.cardvault_fabtcg.card_mask_metrics,data/metrics/cardvault_fabtcg/power_regression.parquet,PowerRegressionDojo,SingleCardRegressionDojo
RarityTierMetric,src.data_refinement.metrics.cross_game.rarity.rarity_tier_metric,data/metrics/cross_game/rarity_tier.parquet,,
CostRegressionMetric,src.data_refinement.metrics.dominiontabs.cost_regression_metric,data/metrics/dominiontabs/cost_regression.parquet,CostRegressionDojo,SingleCardRegressionDojo
SetMaskMetric,src.data_refinement.metrics.dominiontabs.set_mask_metric,data/metrics/dominiontabs/set_mask.parquet,SetMaskDojo,SingleCardFixedClassificationDojo
TypeMaskMetric,src.data_refinement.metrics.dominiontabs.type_mask_metric,data/metrics/dominiontabs/type_mask.parquet,TypeMaskDojo,SingleCardFixedClassificationDojo
CardInclusionRateMetric,src.data_refinement.metrics.fabtcg_decklists.card_inclusion_metrics,data/metrics/fabtcg_decklists/card_inclusion_rate.parquet,CardInclusionRateDojo,SingleCardRegressionDojo
HeroConditionedInclusionMetric,src.data_refinement.metrics.fabtcg_decklists.card_inclusion_metrics,data/metrics/fabtcg_decklists/hero_conditioned_inclusion.parquet,HeroConditionedInclusionDojo,SingleCardFixedClassificationDojo
HeroMaskedFromDeckMetric,src.data_refinement.metrics.fabtcg_decklists.hero_masked_from_deck_metric,data/metrics/fabtcg_decklists/hero_masked_from_deck.parquet,HeroMaskedFromDeckDojo,MultiCardFixedClassificationDojo
DominionHeldOutCardMetric,src.data_refinement.metrics.final_decks.held_out_card_metrics,data/metrics/final_decks/held_out_card_dominion.parquet,DominionHeldOutCardDojo,MultiGroupOptionSelectionDojo
FleshAndBloodHeldOutCardMetric,src.data_refinement.metrics.final_decks.held_out_card_metrics,data/metrics/final_decks/held_out_card_flesh_and_blood.parquet,FleshAndBloodHeldOutCardDojo,MultiGroupOptionSelectionDojo
GwentHeldOutCardMetric,src.data_refinement.metrics.final_decks.held_out_card_metrics,data/metrics/final_decks/held_out_card_gwent.parquet,GwentHeldOutCardDojo,MultiGroupOptionSelectionDojo
MtgHeldOutCardMetric,src.data_refinement.metrics.final_decks.held_out_card_metrics,data/metrics/final_decks/held_out_card_mtg.parquet,MtgHeldOutCardDojo,MultiGroupOptionSelectionDojo
PokemonHeldOutCardMetric,src.data_refinement.metrics.final_decks.held_out_card_metrics,data/metrics/final_decks/held_out_card_pokemon.parquet,PokemonHeldOutCardDojo,MultiGroupOptionSelectionDojo
SlayTheSpire2HeldOutCardMetric,src.data_refinement.metrics.final_decks.held_out_card_metrics,data/metrics/final_decks/held_out_card_slay_the_spire_2.parquet,SlayTheSpire2HeldOutCardDojo,MultiGroupOptionSelectionDojo
ArmorMaskMetric,src.data_refinement.metrics.gwent_one.armor_mask_metric,data/metrics/gwent_one/armor_mask.parquet,ArmorMaskDojo,SingleCardFixedClassificationDojo
ColorMaskMetric,src.data_refinement.metrics.gwent_one.color_mask_metric,data/metrics/gwent_one/color_mask.parquet,ColorMaskDojo,SingleCardFixedClassificationDojo
FactionMaskMetric,src.data_refinement.metrics.gwent_one.faction_mask_metric,data/metrics/gwent_one/faction_mask.parquet,FactionMaskDojo,SingleCardFixedClassificationDojo
PowerMaskMetric,src.data_refinement.metrics.gwent_one.power_mask_metric,data/metrics/gwent_one/power_mask.parquet,PowerMaskDojo,SingleCardFixedClassificationDojo
ProvisionMaskMetric,src.data_refinement.metrics.gwent_one.provision_mask_metric,data/metrics/gwent_one/provision_mask.parquet,ProvisionMaskDojo,SingleCardFixedClassificationDojo
RarityMaskMetric,src.data_refinement.metrics.gwent_one.rarity_mask_metric,data/metrics/gwent_one/rarity_mask.parquet,RarityMaskDojo,SingleCardFixedClassificationDojo
SetMaskMetric,src.data_refinement.metrics.gwent_one.set_mask_metric,data/metrics/gwent_one/set_mask.parquet,SetMaskDojo,SingleCardFixedClassificationDojo
TypeMaskMetric,src.data_refinement.metrics.gwent_one.type_mask_metric,data/metrics/gwent_one/type_mask.parquet,TypeMaskDojo,SingleCardFixedClassificationDojo
AttackRegressionMetric,src.data_refinement.metrics.hearthstonejson.card_mask_metrics,data/metrics/hearthstonejson/attack_regression.parquet,AttackRegressionDojo,SingleCardRegressionDojo
CardTypeMaskMetric,src.data_refinement.metrics.hearthstonejson.card_mask_metrics,data/metrics/hearthstonejson/card_type_mask.parquet,CardTypeMaskDojo,SingleCardFixedClassificationDojo
ClassMaskMetric,src.data_refinement.metrics.hearthstonejson.card_mask_metrics,data/metrics/hearthstonejson/class_mask.parquet,ClassMaskDojo,SingleCardFixedClassificationDojo
CostRegressionMetric,src.data_refinement.metrics.hearthstonejson.card_mask_metrics,data/metrics/hearthstonejson/cost_regression.parquet,CostRegressionDojo,SingleCardRegressionDojo
HealthRegressionMetric,src.data_refinement.metrics.hearthstonejson.card_mask_metrics,data/metrics/hearthstonejson/health_regression.parquet,HealthRegressionDojo,SingleCardRegressionDojo
RacesMaskMetric,src.data_refinement.metrics.hearthstonejson.card_mask_metrics,data/metrics/hearthstonejson/races_mask.parquet,RacesMaskDojo,SingleCardFixedClassificationDojo
RarityMaskMetric,src.data_refinement.metrics.hearthstonejson.card_mask_metrics,data/metrics/hearthstonejson/rarity_mask.parquet,RarityMaskDojo,SingleCardFixedClassificationDojo
SpellSchoolMaskMetric,src.data_refinement.metrics.hearthstonejson.card_mask_metrics,data/metrics/hearthstonejson/spell_school_mask.parquet,SpellSchoolMaskDojo,SingleCardFixedClassificationDojo
AverageCopiesBoughtMetric,src.data_refinement.metrics.isotropic.summary.average_copies_bought_metric,data/metrics/isotropic/average_copies_bought.parquet,AverageCopiesBoughtDojo,SingleCardRegressionDojo
CopiesBoughtDistributionMetric,src.data_refinement.metrics.isotropic.summary.copies_bought_distribution_metric,data/metrics/isotropic/copies_bought_distribution.parquet,,
DeckCardSetCopyCountMetric,src.data_refinement.metrics.isotropic.summary.deck_card_set_copy_count_metric,data/metrics/isotropic/deck_card_set_copy_count.parquet,DeckCardSetCopyCountDojo,MultiGroupRegressionDojo
DeckPairWinnerMetric,src.data_refinement.metrics.isotropic.summary.deck_pair_winner_metric,data/metrics/isotropic/deck_pair_winner.parquet,DeckPairWinnerDojo,MultiGroupBinaryClassificationDojo
FullDeckWinPredictionMetric,src.data_refinement.metrics.isotropic.summary.full_deck_win_prediction_metric,data/metrics/isotropic/full_deck_win_prediction.parquet,FullDeckWinPredictionDojo,MultiCardBinaryClassificationDojo
KingdomEndingPilePredictionMetric,src.data_refinement.metrics.isotropic.games.kingdom_ending_pile_prediction_metric,data/metrics/isotropic/kingdom_ending_pile_prediction.parquet,KingdomEndingPileDojo,MultiGroupBinaryClassificationDojo
KingdomEndingTypeMetric,src.data_refinement.metrics.isotropic.games.kingdom_ending_type_metric,data/metrics/isotropic/kingdom_ending_type.parquet,KingdomEndingTypeDojo,MultiCardFixedClassificationDojo
KingdomGameLengthMetric,src.data_refinement.metrics.isotropic.summary.kingdom_game_length_metric,data/metrics/isotropic/kingdom_game_length.parquet,KingdomGameLengthDojo,MultiCardRegressionDojo
KingdomOpeningBuyPredictionMetric,src.data_refinement.metrics.isotropic.games.kingdom_opening_buy_prediction_metric,data/metrics/isotropic/kingdom_opening_buy_prediction.parquet,KingdomOpeningBuyDojo,MultiCardOptionSelectionDojo
KingdomVetoPredictionMetric,src.data_refinement.metrics.isotropic.summary.kingdom_veto_prediction_metric,data/metrics/isotropic/kingdom_veto_prediction.parquet,KingdomVetoDojo,MultiCardOptionSelectionDojo
MidGameDeckPairWinnerMetric,src.data_refinement.metrics.isotropic.games.mid_game_deck_pair_winner_metric,data/metrics/isotropic/mid_game_deck_pair_winner.parquet,MidGameDeckPairWinnerDojo,MultiGroupBinaryClassificationDojo
NextBuyPredictionMetric,src.data_refinement.metrics.isotropic.games.mid_game_next_buy_metric,data/metrics/isotropic/mid_game_next_buy.parquet,NextBuyDojo,MultiGroupOptionSelectionDojo
NextTrashedCardMetric,src.data_refinement.metrics.isotropic.games.mid_game_next_trashed_card_metric,data/metrics/isotropic/mid_game_next_trashed_card.parquet,NextTrashedCardDojo,MultiGroupOptionSelectionDojo
NextTurnActionCountMetric,src.data_refinement.metrics.isotropic.games.mid_game_next_turn_action_count_metric,data/metrics/isotropic/mid_game_next_turn_action_count.parquet,NextTurnActionCountDojo,MultiCardRegressionDojo
EventualWinProbabilityMetric,src.data_refinement.metrics.isotropic.games.mid_game_win_probability_metric,data/metrics/isotropic/mid_game_win_probability.parquet,EventualWinDojo,MultiGroupBinaryClassificationDojo
MultiplayerPlacementMetric,src.data_refinement.metrics.isotropic.summary.multiplayer_placement_metric,data/metrics/isotropic/multiplayer_placement.parquet,,
OpeningBuyOutcomeMetric,src.data_refinement.metrics.isotropic.games.opening_buy_outcome_metric,data/metrics/isotropic/opening_buy_outcome.parquet,OpeningBuyOutcomeDojo,MultiGroupBinaryClassificationDojo
OpeningBuyRateMetric,src.data_refinement.metrics.isotropic.games.opening_buy_rate_metric,data/metrics/isotropic/opening_buy_rate.parquet,OpeningBuyRateDojo,SingleCardRegressionDojo
PileExhaustionRateMetric,src.data_refinement.metrics.isotropic.games.pile_exhaustion_rate_metric,data/metrics/isotropic/pile_exhaustion_rate.parquet,PileExhaustionRateDojo,SingleCardRegressionDojo
TurnCountAssociationMetric,src.data_refinement.metrics.isotropic.summary.turn_count_association_metric,data/metrics/isotropic/turn_count_association.parquet,TurnCountAssociationDojo,SingleCardRegressionDojo
VetoRateMetric,src.data_refinement.metrics.isotropic.summary.veto_rate_metric,data/metrics/isotropic/veto_rate.parquet,VetoRateDojo,SingleCardRegressionDojo
WinningDeckCountMetric,src.data_refinement.metrics.isotropic.summary.kingdom_member_label_metrics,data/metrics/isotropic/winning_deck_count.parquet,WinningDeckCountDojo,MultiGroupRegressionDojo
WinningDeckMaskedCardMetric,src.data_refinement.metrics.isotropic.summary.deck_card_mask_metric,data/metrics/isotropic/winning_deck_masked_card.parquet,WinningDeckMaskedCardDojo,MultiCardFixedClassificationDojo
WinningDeckMembershipMetric,src.data_refinement.metrics.isotropic.summary.kingdom_member_label_metrics,data/metrics/isotropic/winning_deck_membership.parquet,WinningDeckMembershipDojo,MultiGroupBinaryClassificationDojo
CardInclusionRateMetric,src.data_refinement.metrics.play_gwent.card_inclusion_metrics,data/metrics/play_gwent/card_inclusion_rate.parquet,CardInclusionRateDojo,SingleCardRegressionDojo
FactionConditionedInclusionMetric,src.data_refinement.metrics.play_gwent.card_inclusion_metrics,data/metrics/play_gwent/faction_conditioned_inclusion.parquet,FactionConditionedInclusionDojo,SingleCardFixedClassificationDojo
GuideVotesMetric,src.data_refinement.metrics.play_gwent.guide_votes_metric,data/metrics/play_gwent/guide_votes.parquet,GuideVotesDojo,MultiCardRegressionDojo
LeaderMaskedFromDeckMetric,src.data_refinement.metrics.play_gwent.leader_masked_from_deck_metric,data/metrics/play_gwent/leader_masked_from_deck.parquet,LeaderMaskedFromDeckDojo,MultiCardFixedClassificationDojo
HpRegressionMetric,src.data_refinement.metrics.pokemon_tcg.card_mask_metrics,data/metrics/pokemon_tcg/hp_regression.parquet,HpRegressionDojo,SingleCardRegressionDojo
RetreatCostRegressionMetric,src.data_refinement.metrics.pokemon_tcg.card_mask_metrics,data/metrics/pokemon_tcg/retreat_cost_regression.parquet,RetreatCostRegressionDojo,SingleCardRegressionDojo
StageMaskMetric,src.data_refinement.metrics.pokemon_tcg.card_mask_metrics,data/metrics/pokemon_tcg/stage_mask.parquet,StageMaskDojo,SingleCardFixedClassificationDojo
TypesMaskMetric,src.data_refinement.metrics.pokemon_tcg.card_mask_metrics,data/metrics/pokemon_tcg/types_mask.parquet,TypesMaskDojo,SingleCardFixedClassificationDojo
WeaknessMaskMetric,src.data_refinement.metrics.pokemon_tcg.card_mask_metrics,data/metrics/pokemon_tcg/weakness_mask.parquet,WeaknessMaskDojo,SingleCardFixedClassificationDojo
CardTypeMaskMetric,src.data_refinement.metrics.scryfall.card_mask_metrics,data/metrics/scryfall/card_type_mask.parquet,CardTypeMaskDojo,SingleCardFixedClassificationDojo
CmcRegressionMetric,src.data_refinement.metrics.scryfall.card_mask_metrics,data/metrics/scryfall/cmc_regression.parquet,CmcRegressionDojo,SingleCardRegressionDojo
ColorsMaskMetric,src.data_refinement.metrics.scryfall.card_mask_metrics,data/metrics/scryfall/colors_mask.parquet,ColorsMaskDojo,SingleCardFixedClassificationDojo
PowerRegressionMetric,src.data_refinement.metrics.scryfall.card_mask_metrics,data/metrics/scryfall/power_regression.parquet,PowerRegressionDojo,SingleCardRegressionDojo
RarityMaskMetric,src.data_refinement.metrics.scryfall.card_mask_metrics,data/metrics/scryfall/rarity_mask.parquet,RarityMaskDojo,SingleCardFixedClassificationDojo
ToughnessRegressionMetric,src.data_refinement.metrics.scryfall.card_mask_metrics,data/metrics/scryfall/toughness_regression.parquet,ToughnessRegressionDojo,SingleCardRegressionDojo
CardTakeRateMetric,src.data_refinement.metrics.seventeenlands.draft_data.pack_card_tally_metrics,data/metrics/seventeenlands/draft_data/slices/card_take_rate.all.parquet,CardTakeRateDojo,SingleCardRegressionDojo
FirstPickRateMetric,src.data_refinement.metrics.seventeenlands.draft_data.pack_card_tally_metrics,data/metrics/seventeenlands/draft_data/slices/first_pick_rate.all.parquet,FirstPickRateDojo,SingleCardRegressionDojo
PackToPickChoiceSetMetric,src.data_refinement.metrics.seventeenlands.draft_data.pack_to_pick_choice_set_metric,data/metrics/seventeenlands/draft_data/slices/pack_to_pick_choice_set.all.parquet,PackToPickChoiceSetDojo,MultiCardOptionSelectionDojo
PickNumberDecayCurveMetric,src.data_refinement.metrics.seventeenlands.draft_data.pick_number_decay_curve_metric,data/metrics/seventeenlands/draft_data/slices/pick_number_decay_curve.all.parquet,PickNumberDecayCurveDojo,SingleCardFixedClassificationDojo
PoolConditionedPickMetric,src.data_refinement.metrics.seventeenlands.draft_data.pool_conditioned_pick_metric,data/metrics/seventeenlands/draft_data/slices/pool_conditioned_pick.all.parquet,PoolConditionedPickDojo,MultiGroupOptionSelectionDojo
RankStratifiedTakeRateMetric,src.data_refinement.metrics.seventeenlands.draft_data.pack_card_tally_metrics,data/metrics/seventeenlands/draft_data/slices/rank_stratified_take_rate.all.parquet,RankStratifiedTakeRateDojo,SingleCardRegressionDojo
DeckGameLengthPredictionMetric,src.data_refinement.metrics.seventeenlands.game_data.game_deck_label_metrics,data/metrics/seventeenlands/game_data/slices/deck_game_length_prediction.all.parquet,DeckGameLengthPredictionDojo,MultiCardRegressionDojo
DeckOccurrenceCountMetric,src.data_refinement.metrics.seventeenlands.game_data.deck_occurrence_count_metric,data/metrics/seventeenlands/game_data/slices/deck_occurrence_count.all.parquet,,
DeckRankTierPredictionMetric,src.data_refinement.metrics.seventeenlands.game_data.game_deck_label_metrics,data/metrics/seventeenlands/game_data/slices/deck_rank_tier_prediction.all.parquet,DeckRankTierPredictionDojo,MultiCardFixedClassificationDojo
DeckWinPredictionMetric,src.data_refinement.metrics.seventeenlands.game_data.game_deck_label_metrics,data/metrics/seventeenlands/game_data/slices/deck_win_prediction.all.parquet,DeckWinPredictionDojo,MultiCardBinaryClassificationDojo
DrawnWinRateMetric,src.data_refinement.metrics.seventeenlands.game_data.game_card_average_metrics,data/metrics/seventeenlands/game_data/slices/drawn_win_rate.all.parquet,DrawnWinRateDojo,SingleCardRegressionDojo
GameLengthAssociationMetric,src.data_refinement.metrics.seventeenlands.game_data.game_length_association_metric,data/metrics/seventeenlands/game_data/slices/game_length_association.all.parquet,GameLengthAssociationDojo,SingleCardRegressionDojo
OnPlayWinRateDeltaMetric,src.data_refinement.metrics.seventeenlands.game_data.on_play_win_rate_delta_metric,data/metrics/seventeenlands/game_data/slices/on_play_win_rate_delta.all.parquet,OnPlayWinRateDeltaDojo,SingleCardRegressionDojo
OnPlayWinRateSensitivityByDeckMetric,src.data_refinement.metrics.seventeenlands.game_data.on_play_win_rate_sensitivity_by_deck_metric,data/metrics/seventeenlands/game_data/slices/on_play_win_rate_sensitivity_by_deck.all.parquet,OnPlayWinRateSensitivityByDeckDojo,MultiCardRegressionDojo
OpeningHandWinRateMetric,src.data_refinement.metrics.seventeenlands.game_data.game_card_average_metrics,data/metrics/seventeenlands/game_data/slices/opening_hand_win_rate.all.parquet,OpeningHandWinRateDojo,SingleCardRegressionDojo
TutorChoiceRateMetric,src.data_refinement.metrics.seventeenlands.game_data.tutor_choice_rate_metric,data/metrics/seventeenlands/game_data/slices/tutor_choice_rate.all.parquet,TutorChoiceRateDojo,SingleCardRegressionDojo
TutorTargetRateMetric,src.data_refinement.metrics.seventeenlands.game_data.tutor_target_rate_metric,data/metrics/seventeenlands/game_data/slices/tutor_target_rate.all.parquet,TutorTargetRateDojo,SingleCardRegressionDojo
WinRateWhenInDeckMetric,src.data_refinement.metrics.seventeenlands.game_data.game_card_average_metrics,data/metrics/seventeenlands/game_data/slices/win_rate_when_in_deck.all.parquet,WinRateWhenInDeckDojo,SingleCardRegressionDojo
AttackerBlockerCombatOutcomeMetric,src.data_refinement.metrics.seventeenlands.replay_data.attacker_blocker_combat_outcome_metric,data/metrics/seventeenlands/replay_data/slices/attacker_blocker_combat_outcome.all.parquet,AttackerBlockerCombatOutcomeDojo,MultiGroupRegressionDojo
AverageTurnCastMetric,src.data_refinement.metrics.seventeenlands.replay_data.average_turn_cast_metric,data/metrics/seventeenlands/replay_data/slices/average_turn_cast.all.parquet,AverageTurnCastDojo,SingleCardRegressionDojo
CastRateMetric,src.data_refinement.metrics.seventeenlands.replay_data.cast_rate_metric,data/metrics/seventeenlands/replay_data/slices/cast_rate.all.parquet,CastRateDojo,SingleCardRegressionDojo
CombatAggressionProfileMetric,src.data_refinement.metrics.seventeenlands.replay_data.combat_aggression_profile_metric,data/metrics/seventeenlands/replay_data/slices/combat_aggression_profile.all.parquet,CombatAggressionProfileDojo,MultiCardRegressionDojo
CombatDamagePushThroughRateMetric,src.data_refinement.metrics.seventeenlands.replay_data.replay_turn_event_rate_metrics,data/metrics/seventeenlands/replay_data/slices/combat_damage_push_through_rate.all.parquet,CombatDamagePushThroughRateDojo,SingleCardRegressionDojo
CombatKillInvolvementRateMetric,src.data_refinement.metrics.seventeenlands.replay_data.replay_turn_event_rate_metrics,data/metrics/seventeenlands/replay_data/slices/combat_kill_involvement_rate.all.parquet,CombatKillInvolvementRateDojo,SingleCardRegressionDojo
DiscardRateMetric,src.data_refinement.metrics.seventeenlands.replay_data.discard_rate_metric,data/metrics/seventeenlands/replay_data/slices/discard_rate.all.parquet,DiscardRateDojo,SingleCardRegressionDojo
TurnsToGameEndAfterCastMetric,src.data_refinement.metrics.seventeenlands.replay_data.turns_to_game_end_after_cast_metric,data/metrics/seventeenlands/replay_data/slices/turns_to_game_end_after_cast.all.parquet,TurnsToGameEndAfterCastDojo,SingleCardRegressionDojo
TutorTargetRateMetric,src.data_refinement.metrics.seventeenlands.replay_data.tutor_target_rate_metric,data/metrics/seventeenlands/replay_data/slices/tutor_target_rate.all.parquet,TutorTargetRateDojo,SingleCardRegressionDojo
CardTypeMaskMetric,src.data_refinement.metrics.spire_codex.card_mask_metrics,data/metrics/spire_codex/card_type_mask.parquet,CardTypeMaskDojo,SingleCardFixedClassificationDojo
ColorMaskMetric,src.data_refinement.metrics.spire_codex.card_mask_metrics,data/metrics/spire_codex/color_mask.parquet,ColorMaskDojo,SingleCardFixedClassificationDojo
CostMaskMetric,src.data_refinement.metrics.spire_codex.card_mask_metrics,data/metrics/spire_codex/cost_mask.parquet,CostMaskDojo,SingleCardFixedClassificationDojo
RarityMaskMetric,src.data_refinement.metrics.spire_codex.card_mask_metrics,data/metrics/spire_codex/rarity_mask.parquet,RarityMaskDojo,SingleCardFixedClassificationDojo
AscensionPredictionMetric,src.data_refinement.metrics.sts2_runs.deck_label_metrics,data/metrics/sts2_runs/ascension_prediction.parquet,DeckAscensionDojo,MultiCardRegressionDojo
CardDeckSizeMetric,src.data_refinement.metrics.sts2_runs.card_average_metrics,data/metrics/sts2_runs/card_deck_size.parquet,CardDeckSizeDojo,SingleCardRegressionDojo
CardElitesKilledMetric,src.data_refinement.metrics.sts2_runs.card_average_metrics,data/metrics/sts2_runs/card_elites_killed.parquet,CardElitesKilledDojo,SingleCardRegressionDojo
CardFloorsClearedMetric,src.data_refinement.metrics.sts2_runs.card_average_metrics,data/metrics/sts2_runs/card_floors_cleared.parquet,CardFloorsClearedDojo,SingleCardRegressionDojo
CardRelicCountMetric,src.data_refinement.metrics.sts2_runs.card_average_metrics,data/metrics/sts2_runs/card_relic_count.parquet,CardRelicCountDojo,SingleCardRegressionDojo
CardTotalCardsPickedMetric,src.data_refinement.metrics.sts2_runs.card_average_metrics,data/metrics/sts2_runs/card_total_cards_picked.parquet,CardTotalCardsPickedDojo,SingleCardRegressionDojo
CardTotalCombatsMetric,src.data_refinement.metrics.sts2_runs.card_average_metrics,data/metrics/sts2_runs/card_total_combats.parquet,CardTotalCombatsDojo,SingleCardRegressionDojo
CardTotalDamageTakenMetric,src.data_refinement.metrics.sts2_runs.card_average_metrics,data/metrics/sts2_runs/card_total_damage_taken.parquet,CardTotalDamageTakenDojo,SingleCardRegressionDojo
CardTotalTurnsMetric,src.data_refinement.metrics.sts2_runs.card_average_metrics,data/metrics/sts2_runs/card_total_turns.parquet,CardTotalTurnsDojo,SingleCardRegressionDojo
CardUpgradeRateMetric,src.data_refinement.metrics.sts2_runs.card_average_metrics,data/metrics/sts2_runs/card_upgrade_rate.parquet,CardUpgradeRateDojo,SingleCardRegressionDojo
CardWinRateMetric,src.data_refinement.metrics.sts2_runs.card_average_metrics,data/metrics/sts2_runs/card_win_rate.parquet,CardWinRateDojo,SingleCardRegressionDojo
CardWinRateAtAct2Metric,src.data_refinement.metrics.sts2_runs.card_average_metrics,data/metrics/sts2_runs/card_win_rate_at_act2.parquet,CardWinRateAtAct2Dojo,SingleCardRegressionDojo
CharacterPredictionMetric,src.data_refinement.metrics.sts2_runs.deck_label_metrics,data/metrics/sts2_runs/character_prediction.parquet,CharacterDojo,MultiCardFixedClassificationDojo
ElitesKilledMetric,src.data_refinement.metrics.sts2_runs.deck_label_metrics,data/metrics/sts2_runs/elites_killed.parquet,DeckElitesKilledDojo,MultiCardRegressionDojo
FloorsClearedMetric,src.data_refinement.metrics.sts2_runs.deck_label_metrics,data/metrics/sts2_runs/floors_cleared.parquet,DeckFloorsClearedDojo,MultiCardRegressionDojo
KilledByMetric,src.data_refinement.metrics.sts2_runs.deck_label_metrics,data/metrics/sts2_runs/killed_by.parquet,KilledByDojo,MultiCardFixedClassificationDojo
RelicCountMetric,src.data_refinement.metrics.sts2_runs.deck_label_metrics,data/metrics/sts2_runs/relic_count.parquet,DeckRelicCountDojo,MultiCardRegressionDojo
TotalCardsPickedMetric,src.data_refinement.metrics.sts2_runs.deck_label_metrics,data/metrics/sts2_runs/total_cards_picked.parquet,DeckTotalCardsPickedDojo,MultiCardRegressionDojo
TotalCardsSkippedMetric,src.data_refinement.metrics.sts2_runs.deck_label_metrics,data/metrics/sts2_runs/total_cards_skipped.parquet,DeckTotalCardsSkippedDojo,MultiCardRegressionDojo
TotalCombatsMetric,src.data_refinement.metrics.sts2_runs.deck_label_metrics,data/metrics/sts2_runs/total_combats.parquet,DeckTotalCombatsDojo,MultiCardRegressionDojo
TotalDamageTakenMetric,src.data_refinement.metrics.sts2_runs.deck_label_metrics,data/metrics/sts2_runs/total_damage_taken.parquet,DeckTotalDamageTakenDojo,MultiCardRegressionDojo
TotalTurnsMetric,src.data_refinement.metrics.sts2_runs.deck_label_metrics,data/metrics/sts2_runs/total_turns.parquet,DeckTotalTurnsDojo,MultiCardRegressionDojo
WinMetric,src.data_refinement.metrics.sts2_runs.deck_label_metrics,data/metrics/sts2_runs/win.parquet,WinDojo,MultiCardBinaryClassificationDojo
AscensionPredictionMetric,src.data_refinement.metrics.sts_gg.ascension_prediction_metric,data/metrics/sts_gg/ascension_prediction.parquet,DeckAscensionDojo,MultiCardRegressionDojo
CardCharacterPredictionMetric,src.data_refinement.metrics.sts_gg.card_character_prediction_metric,data/metrics/sts_gg/card_character_prediction.parquet,CardCharacterPredictionDojo,SingleCardFixedClassificationDojo
CardDeckSizeMetric,src.data_refinement.metrics.sts_gg.card_average_metrics,data/metrics/sts_gg/card_deck_size.parquet,CardDeckSizeDojo,SingleCardRegressionDojo
CardElitesKilledMetric,src.data_refinement.metrics.sts_gg.card_average_metrics,data/metrics/sts_gg/card_elites_killed.parquet,CardElitesKilledDojo,SingleCardRegressionDojo
CardFloorsClearedMetric,src.data_refinement.metrics.sts_gg.card_average_metrics,data/metrics/sts_gg/card_floors_cleared.parquet,CardFloorsClearedDojo,SingleCardRegressionDojo
CardRelicCountMetric,src.data_refinement.metrics.sts_gg.card_average_metrics,data/metrics/sts_gg/card_relic_count.parquet,CardRelicCountDojo,SingleCardRegressionDojo
CardTotalCardsPickedMetric,src.data_refinement.metrics.sts_gg.card_average_metrics,data/metrics/sts_gg/card_total_cards_picked.parquet,CardTotalCardsPickedDojo,SingleCardRegressionDojo
CardTotalCombatsMetric,src.data_refinement.metrics.sts_gg.card_average_metrics,data/metrics/sts_gg/card_total_combats.parquet,CardTotalCombatsDojo,SingleCardRegressionDojo
CardTotalDamageTakenMetric,src.data_refinement.metrics.sts_gg.card_average_metrics,data/metrics/sts_gg/card_total_damage_taken.parquet,CardTotalDamageTakenDojo,SingleCardRegressionDojo
CardTotalTurnsMetric,src.data_refinement.metrics.sts_gg.card_average_metrics,data/metrics/sts_gg/card_total_turns.parquet,CardTotalTurnsDojo,SingleCardRegressionDojo
CardUpgradeRateMetric,src.data_refinement.metrics.sts_gg.card_upgrade_rate_metric,data/metrics/sts_gg/card_upgrade_rate.parquet,CardUpgradeRateDojo,SingleCardRegressionDojo
CardWinRateMetric,src.data_refinement.metrics.sts_gg.card_average_metrics,data/metrics/sts_gg/card_win_rate.parquet,CardWinRateDojo,SingleCardRegressionDojo
CardWinRateAtAct2Metric,src.data_refinement.metrics.sts_gg.card_win_rate_at_act2_metric,data/metrics/sts_gg/card_win_rate_at_act2.parquet,CardWinRateAtAct2Dojo,SingleCardRegressionDojo
CharacterPredictionMetric,src.data_refinement.metrics.sts_gg.deck_label_metrics,data/metrics/sts_gg/character_prediction.parquet,CharacterDojo,MultiCardFixedClassificationDojo
ElitesKilledMetric,src.data_refinement.metrics.sts_gg.deck_label_metrics,data/metrics/sts_gg/elites_killed.parquet,DeckElitesKilledDojo,MultiCardRegressionDojo
FloorsClearedMetric,src.data_refinement.metrics.sts_gg.deck_label_metrics,data/metrics/sts_gg/floors_cleared.parquet,DeckFloorsClearedDojo,MultiCardRegressionDojo
KilledByMetric,src.data_refinement.metrics.sts_gg.deck_label_metrics,data/metrics/sts_gg/killed_by.parquet,KilledByDojo,MultiCardFixedClassificationDojo
RelicCountMetric,src.data_refinement.metrics.sts_gg.deck_label_metrics,data/metrics/sts_gg/relic_count.parquet,DeckRelicCountDojo,MultiCardRegressionDojo
TotalCardsPickedMetric,src.data_refinement.metrics.sts_gg.deck_label_metrics,data/metrics/sts_gg/total_cards_picked.parquet,DeckTotalCardsPickedDojo,MultiCardRegressionDojo
TotalCardsSkippedMetric,src.data_refinement.metrics.sts_gg.deck_label_metrics,data/metrics/sts_gg/total_cards_skipped.parquet,DeckTotalCardsSkippedDojo,MultiCardRegressionDojo
TotalCombatsMetric,src.data_refinement.metrics.sts_gg.deck_label_metrics,data/metrics/sts_gg/total_combats.parquet,DeckTotalCombatsDojo,MultiCardRegressionDojo
TotalDamageTakenMetric,src.data_refinement.metrics.sts_gg.deck_label_metrics,data/metrics/sts_gg/total_damage_taken.parquet,DeckTotalDamageTakenDojo,MultiCardRegressionDojo
TotalTurnsMetric,src.data_refinement.metrics.sts_gg.deck_label_metrics,data/metrics/sts_gg/total_turns.parquet,DeckTotalTurnsDojo,MultiCardRegressionDojo
WinMetric,src.data_refinement.metrics.sts_gg.deck_label_metrics,data/metrics/sts_gg/win.parquet,WinDojo,MultiCardBinaryClassificationDojo
